{"cameraMode":{"drawMode":0,"name":"Shaded","section":"Shading Mode"},"sceneLighting":true,"audioPlay":false,"sceneViewState":{"m_AlwaysRefresh":false,"showFog":true,"showSkybox":true,"showFlares":true,"showImageEffects":true,"showParticleSystems":true,"showVisualEffectGraphs":true,"m_FxEnabled":true},"in2DMode":false,"pivot":{"x":-7.240372657775879,"y":7.126177787780762,"z":-4.299748420715332},"rotation":{"x":0.004590009804815054,"y":-0.9792534112930298,"z":0.20136985182762147,"w":0.022323302924633027},"size":20.831274032592775,"orthographic":false}